DATE,TIME,O,H,L,C,V
2002.05.06,00:00,0.91535,0.91535,0.90435,0.9141,4
2002.05.13,00:00,0.9141,0.9209,0.90275,0.9209,5
2002.05.20,00:00,0.9209,0.92575,0.91985,0.9211,5
2002.05.27,00:00,0.9211,0.93705,0.9209,0.9339,5
2002.06.03,00:00,0.9339,0.94765,0.9329,0.944,5
2002.06.10,00:00,0.944,0.94825,0.9432,0.9456,5
2002.06.17,00:00,0.9456,0.9711,0.94445,0.9706,5
2002.06.24,00:00,0.9706,0.9919,0.97045,0.9919,5
2002.07.01,00:00,0.9919,0.9919,0.9731,0.9731,5
2002.07.08,00:00,0.9731,0.99355,0.9731,0.9915,5
2002.07.15,00:00,0.9915,1.01195,0.9912,1.0107,5
2002.07.22,00:00,1.0107,1.0112,0.9871,0.9871,5
2002.07.29,00:00,0.9871,0.9871,0.9775,0.9866,5
2002.08.05,00:00,0.9866,0.9866,0.96635,0.9704,5
2002.08.12,00:00,0.9704,0.9851,0.9698,0.9851,5
2002.08.19,00:00,0.9851,0.9851,0.96915,0.973,5
2002.08.26,00:00,0.973,0.98485,0.97195,0.9822,5
2002.09.02,00:00,0.9822,0.99695,0.9822,0.9916,4
2002.09.09,00:00,0.9916,0.9916,0.9717,0.9717,4
2002.09.16,00:00,0.9717,0.98665,0.9692,0.9823,5
2002.09.23,00:00,0.9823,0.9823,0.9762,0.9805,5
2002.09.30,00:00,0.9805,0.9879,0.9793,0.9793,5
2002.10.07,00:00,0.9793,0.98975,0.9788,0.9873,5
2002.10.14,00:00,0.9873,0.9873,0.9709,0.9723,5
2002.10.21,00:00,0.9723,0.978,0.9723,0.9761,5
2002.10.28,00:00,0.9761,0.9972,0.9761,0.9972,5
2002.11.04,00:00,0.9972,1.013,0.9971,1.013,5
2002.11.11,00:00,1.013,1.013,1.0043,1.0093,5
2002.11.18,00:00,1.0093,1.0093,0.9966,0.9966,5
2002.11.25,00:00,0.9966,0.9968,0.9905,0.9944,5
2002.12.02,00:00,0.9944,1.0098,0.9944,1.0088,5
2002.12.09,00:00,1.0088,1.0229,1.0083,1.0229,5
2002.12.16,00:00,1.0229,1.02845,1.0229,1.0268,5
2002.12.23,00:00,1.0268,1.0439,1.0263,1.0439,5
2002.12.30,00:00,1.0439,1.0493,1.03615,1.0415,5
2003.01.06,00:00,1.0415,1.0579,1.0415,1.0572,5
2003.01.13,00:00,1.0572,1.0669,1.0545,1.0669,5
2003.01.20,00:00,1.0669,1.0831,1.0656,1.0831,5
2003.01.27,00:00,1.0831,1.0856,1.0765,1.0765,5
2003.02.03,00:00,1.0765,1.0883,1.0765,1.0821,5
2003.02.10,00:00,1.0821,1.0835,1.0718,1.0794,5
2003.02.17,00:00,1.0794,1.0818,1.0691,1.0764,5
2003.02.24,00:00,1.0764,1.0801,1.0735,1.0801,5
2003.03.03,00:00,1.0801,1.1005,1.0785,1.0996,5
2003.03.10,00:00,1.0996,1.1058,1.0742,1.0753,5
2003.03.17,00:00,1.0753,1.0764,1.0525,1.0528,5
2003.03.24,00:00,1.0528,1.0781,1.0528,1.0781,5
2003.03.31,00:00,1.0781,1.0926,1.0731,1.0739,5
2003.04.07,00:00,1.0739,1.079,1.0688,1.0757,5
2003.04.14,00:00,1.0757,1.0915,1.0744,1.08805,5
2003.04.21,00:00,1.08805,1.1036,1.087,1.1036,5
2003.04.28,00:00,1.1036,1.12375,1.0986,1.1234,5
2003.05.05,00:00,1.1234,1.14985,1.1231,1.1487,5
2003.05.12,00:00,1.1487,1.1597,1.1385,1.1597,5
2003.05.19,00:00,1.1597,1.1834,1.1597,1.1834,5
2003.05.26,00:00,1.1834,1.19065,1.1763,1.1783,5
2003.06.02,00:00,1.1783,1.1837,1.1642,1.1699,5
2003.06.09,00:00,1.1699,1.1861,1.1673,1.1861,5
2003.06.16,00:00,1.1861,1.1877,1.1602,1.1602,5
2003.06.23,00:00,1.1602,1.1602,1.1425,1.1433,5
2003.06.30,00:00,1.1433,1.1562,1.1433,1.1489,5
2003.07.07,00:00,1.1489,1.1489,1.1297,1.1297,5
2003.07.14,00:00,1.1297,1.1297,1.1174,1.1275,5
2003.07.21,00:00,1.1275,1.1512,1.1264,1.1512,5
2003.07.28,00:00,1.1512,1.1512,1.1232,1.1275,5
2003.08.04,00:00,1.1275,1.1387,1.1275,1.1309,5
2003.08.11,00:00,1.1309,1.1359,1.1262,1.1266,5
2003.08.18,00:00,1.1266,1.1266,1.0877,1.0877,5
2003.08.25,00:00,1.0877,1.0984,1.0855,1.0984,5
2003.09.01,00:00,1.0984,1.1105,1.0809,1.1105,5
2003.09.08,00:00,1.1105,1.1291,1.1068,1.1291,5
2003.09.15,00:00,1.1291,1.1371,1.1177,1.1371,5
2003.09.22,00:00,1.1371,1.1496,1.1371,1.1463,5
2003.09.29,00:00,1.1463,1.1716,1.1459,1.158,5
2003.10.06,00:00,1.158,1.1811,1.1563,1.1798,5
2003.10.13,00:00,1.1798,1.181,1.1585,1.1679,5
2003.10.20,00:00,1.1679,1.1804,1.1636,1.1781,5
2003.10.27,00:00,1.1781,1.1781,1.1583,1.1583,5
2003.11.03,00:00,1.1583,1.159,1.1408,1.1535,5
2003.11.10,00:00,1.1535,1.1782,1.1492,1.1782,5
2003.11.17,00:00,1.1782,1.1949,1.1753,1.1917,5
2003.11.24,00:00,1.1917,1.1993,1.1761,1.1993,5
2003.12.01,00:00,1.1993,1.2166,1.1976,1.2166,5
2003.12.08,00:00,1.2166,1.2294,1.2166,1.2294,5
2003.12.15,00:00,1.2294,1.2435,1.21615,1.2378,5
2003.12.22,00:00,1.2378,1.2453,1.2378,1.243,5
2003.12.29,00:00,1.243,1.2593,1.243,1.2593,8
2004.01.05,00:00,1.2593,1.2841,1.2585,1.2841,10
2004.01.12,00:00,1.2841,1.2841,1.2373,1.2401,10
2004.01.19,00:00,1.2401,1.271,1.2352,1.2588,10
2004.01.26,00:00,1.2588,1.2639,1.2414,1.2475,10
2004.02.02,00:00,1.2475,1.2702,1.2427,1.2701,10
2004.02.09,00:00,1.2701,1.2826,1.26275,1.2742,10
2004.02.16,00:00,1.2742,1.2837,1.2527,1.2527,10
2004.02.23,00:00,1.2527,1.2685,1.2433,1.2494,10
2004.03.01,00:00,1.2494,1.2494,1.2192,1.2375,10
2004.03.08,00:00,1.2375,1.2408,1.2222,1.2222,10
2004.03.15,00:00,1.2222,1.239,1.2222,1.2276,10
2004.03.22,00:00,1.2276,1.2333,1.2127,1.2127,10
2004.03.29,00:00,1.2127,1.2363,1.2121,1.2136,10
2004.04.05,00:00,1.2136,1.2173,1.2018,1.2093,10
2004.04.12,00:00,1.2093,1.2093,1.1946,1.1994,10
2004.04.19,00:00,1.1994,1.2024,1.1842,1.1847,10
2004.04.26,00:00,1.1847,1.1981,1.1823,1.1981,10
2004.05.03,00:00,1.1981,1.2175,1.1881,1.1881,10
2004.05.10,00:00,1.1881,1.1901,1.182,1.1887,10
2004.05.17,00:00,1.1887,1.2027,1.1887,1.1979,10
2004.05.24,00:00,1.1979,1.2263,1.1979,1.2221,10
2004.05.31,00:00,1.2221,1.228,1.21875,1.228,10
2004.06.07,00:00,1.228,1.2321,1.2005,1.2005,10
2004.06.14,00:00,1.2005,1.2162,1.2005,1.2137,10
2004.06.21,00:00,1.2137,1.2177,1.2093,1.2177,10
2004.06.28,00:00,1.2177,1.2316,1.2081,1.2316,10
2004.07.05,00:00,1.2316,1.24135,1.2283,1.24135,10
2004.07.12,00:00,1.24135,1.2451,1.2327,1.2451,10
2004.07.19,00:00,1.2451,1.2451,1.209,1.209,10
2004.07.26,00:00,1.209,1.2142,1.20195,1.20195,10
2004.08.02,00:00,1.20195,1.228,1.20195,1.228,10
2004.08.09,00:00,1.228,1.2374,1.2219,1.2374,10
2004.08.16,00:00,1.2374,1.2374,1.232,1.232,10
2004.08.23,00:00,1.232,1.232,1.2013,1.2013,10
2004.08.30,00:00,1.2013,1.2189,1.2013,1.2059,10
2004.09.06,00:00,1.2059,1.2263,1.2058,1.2263,10
2004.09.13,00:00,1.2263,1.22665,1.21505,1.2188,10
2004.09.20,00:00,1.2188,1.23361,1.21765,1.2275,10
2004.09.27,00:00,1.2275,1.2434,1.2275,1.2416,10
2004.10.04,00:00,1.2416,1.2416,1.22845,1.2409,10
2004.10.11,00:00,1.2409,1.2467,1.23278,1.2467,10
2004.10.18,00:00,1.2467,1.2683,1.2467,1.2683,10
2004.10.25,00:00,1.2683,1.28067,1.2683,1.2744,8
2004.11.01,00:00,1.2744,1.2966,1.2727,1.2966,10
2004.11.08,00:00,1.2966,1.2977,1.2894,1.2977,10
2004.11.15,00:00,1.2977,1.30325,1.2945,1.3026,10
2004.11.22,00:00,1.3026,1.3295,1.3026,1.3295,10
2004.11.29,00:00,1.3295,1.3457,1.327,1.3457,10
2004.12.06,00:00,1.3457,1.3457,1.3226,1.3226,10
2004.12.13,00:00,1.3226,1.34054,1.32125,1.3287,10
2004.12.20,00:00,1.3287,1.35315,1.3287,1.35315,10
2004.12.27,00:00,1.35315,1.3642,1.35315,1.3568,10
2005.01.03,00:00,1.3568,1.35815,1.30248,1.3054,195816
2005.01.10,00:00,1.3054,1.32935,1.3049,1.3111,191281
2005.01.17,00:00,1.3111,1.3128,1.29198,1.3037,178669
2005.01.24,00:00,1.3037,1.31238,1.29438,1.3037,180706
2005.01.31,00:00,1.3037,1.30938,1.275,1.275,169584
2005.02.07,00:00,1.275,1.2905,1.27332,1.2866,160761
2005.02.14,00:00,1.2866,1.30884,1.2866,1.3072,162551
2005.02.21,00:00,1.3072,1.32732,1.30322,1.32453,158023
2005.02.28,00:00,1.32453,1.3279,1.30894,1.3236,161882
2005.03.07,00:00,1.3236,1.34806,1.31804,1.3457,161881
2005.03.14,00:00,1.3457,1.3478,1.32652,1.3325,161432
2005.03.21,00:00,1.3325,1.33275,1.3142,1.31572,33031
2005.03.21,01:00,1.31572,1.32231,1.29296,1.29575,107123
2005.03.28,00:00,1.29575,1.30582,1.2858,1.2913,155391
2005.04.04,00:00,1.2913,1.29392,1.28012,1.2933,164973
2005.04.11,00:00,1.2933,1.30157,1.27666,1.2922,169171
2005.04.18,00:00,1.2922,1.3125,1.28776,1.3064,173424
2005.04.25,00:00,1.3064,1.30775,1.2854,1.2872,173551
2005.05.02,00:00,1.2872,1.29892,1.2811,1.2819,140618
2005.05.09,00:00,1.2819,1.29122,1.261,1.2633,143789
2005.05.16,00:00,1.2633,1.2691,1.2536,1.2557,145476
2005.05.23,00:00,1.2557,1.26272,1.2496,1.2585,157907
2005.05.30,00:00,1.2585,1.2585,1.2161,1.2236,151137
2005.06.06,00:00,1.2236,1.23526,1.2108,1.21205,167554
2005.06.13,00:00,1.21205,1.2289,1.20172,1.228,185572
2005.06.20,00:00,1.228,1.2285,1.1983,1.209,186499
2005.06.27,00:00,1.209,1.21858,1.1939,1.1958,198011
2005.07.04,00:00,1.1958,1.20422,1.18692,1.1966,169885
2005.07.11,00:00,1.1966,1.2255,1.1958,1.2035,198898
2005.07.18,00:00,1.2035,1.2255,1.19538,1.2065,192223
2005.07.25,00:00,1.2065,1.216,1.1965,1.2122,184488
2005.08.01,00:00,1.2122,1.24028,1.2119,1.2359,198489
2005.08.08,00:00,1.2359,1.24866,1.2316,1.244,195996
2005.08.15,00:00,1.244,1.2463,1.21258,1.2153,173705
2005.08.22,00:00,1.2153,1.23424,1.2153,1.22907,175378
2005.08.29,00:00,1.22907,1.25892,1.21718,1.2531,178707
2005.09.05,00:00,1.2531,1.25846,1.23766,1.2405,179971
2005.09.12,00:00,1.2405,1.2426,1.21935,1.2236,184724
2005.09.19,00:00,1.2236,1.2269,1.2039,1.2039,188825
2005.09.26,00:00,1.2039,1.20902,1.19796,1.2027,191449
2005.10.03,00:00,1.2027,1.22038,1.1902,1.2125,180451
2005.10.10,00:00,1.2125,1.21532,1.19148,1.2081,183308
2005.10.17,00:00,1.2081,1.2121,1.18756,1.195,188035
2005.10.24,00:00,1.195,1.21732,1.19235,1.20689,186151
2005.10.31,00:00,1.20689,1.20892,1.18035,1.18115,181694
2005.11.07,00:00,1.18115,1.19776,1.1671,1.1734,179565
2005.11.14,00:00,1.1734,1.17952,1.16402,1.1774,187460
2005.11.21,00:00,1.1774,1.1866,1.16858,1.1724,161916
2005.11.28,00:00,1.1724,1.1902,1.16608,1.1718,173643
2005.12.05,00:00,1.1718,1.18488,1.16892,1.1812,172577
2005.12.12,00:00,1.1812,1.20615,1.1777,1.2013,185367
2005.12.19,00:00,1.2013,1.2039,1.18011,1.1868,157744
2005.12.26,00:00,1.1868,1.19321,1.17785,1.1848,140316
2006.01.02,00:00,1.1848,1.21808,1.18015,1.2152,149223
2006.01.09,00:00,1.2152,1.21632,1.20072,1.2143,171470
2006.01.16,00:00,1.2143,1.2175,1.20408,1.2134,71159
2006.01.23,00:00,1.2134,1.23232,1.20876,1.2094,62164
2006.01.30,00:00,1.2094,1.2188,1.19685,1.2024,52661
2006.02.06,00:00,1.2024,1.2047,1.18936,1.1906,49082
2006.02.13,00:00,1.1906,1.19542,1.18502,1.1939,46009
2006.02.20,00:00,1.1939,1.1974,1.18622,1.18796,42987
2006.02.27,00:00,1.18796,1.20528,1.1827,1.20443,49356
2006.03.06,00:00,1.20443,1.2094,1.18614,1.1909,49544
2006.03.13,00:00,1.1909,1.22066,1.1907,1.2191,50916
2006.03.20,00:00,1.2191,1.21962,1.19518,1.2034,50663
2006.03.27,00:00,1.2034,1.2175,1.19808,1.2118,51715
2006.04.03,00:00,1.2118,1.2332,1.20342,1.2093,61274
2006.04.10,00:00,1.2093,1.2169,1.20668,1.211,41214
2006.04.17,00:00,1.211,1.2394,1.211,1.234,55516
2006.04.24,00:00,1.234,1.2641,1.23342,1.263,56100
2006.05.01,00:00,1.263,1.2766,1.2557,1.2725,56808
2006.05.08,00:00,1.2725,1.29578,1.26622,1.29265,81012
2006.05.15,00:00,1.29265,1.29697,1.26944,1.2778,105051
2006.05.22,00:00,1.2778,1.28908,1.26946,1.27359,99402
2006.05.29,00:00,1.27359,1.29404,1.27179,1.29187,84406
2006.06.05,00:00,1.29187,1.2979,1.25968,1.26387,86217
2006.06.12,00:00,1.26387,1.2672,1.25308,1.26425,80716
2006.06.19,00:00,1.26425,1.26788,1.2479,1.25065,68479
2006.06.26,00:00,1.25065,1.27943,1.2504,1.2791,76102
2006.07.03,00:00,1.2791,1.28676,1.27078,1.28105,67393
2006.07.10,00:00,1.28105,1.28214,1.26266,1.26495,68881
2006.07.17,00:00,1.26495,1.26965,1.24576,1.2695,73317
2006.07.24,00:00,1.2695,1.27716,1.2559,1.2757,72809
2006.07.31,00:00,1.2757,1.29085,1.2721,1.28745,71555
2006.08.07,00:00,1.28745,1.29128,1.27168,1.27188,70554
2006.08.14,00:00,1.27188,1.28876,1.26946,1.28245,60495
2006.08.21,00:00,1.28245,1.2938,1.27268,1.27525,65028
2006.08.28,00:00,1.27525,1.28798,1.27512,1.2836,63390
2006.09.04,00:00,1.2836,1.2874,1.2652,1.26732,62394
2006.09.11,00:00,1.26732,1.27527,1.26316,1.2664,64039
2006.09.18,00:00,1.2664,1.28304,1.26305,1.27835,65353
2006.09.25,00:00,1.27835,1.28196,1.26394,1.26745,80638
2006.10.02,00:00,1.26745,1.27872,1.2573,1.26009,59299
2006.10.09,00:00,1.26009,1.26144,1.2483,1.25125,87354
2006.10.16,00:00,1.25125,1.26416,1.249,1.26179,65219
2006.10.23,00:00,1.26179,1.275,1.25252,1.27409,72675
2006.10.30,00:00,1.27409,1.2799,1.2679,1.27165,70263
2006.11.06,00:00,1.27165,1.29008,1.26902,1.28406,63794
2006.11.13,00:00,1.28406,1.2878,1.2763,1.28275,86036
2006.11.20,00:00,1.28275,1.311,1.27988,1.30915,66360
2006.11.27,00:00,1.30915,1.33478,1.30856,1.33385,109644
2006.12.04,00:00,1.33385,1.3367,1.31926,1.32025,105785
2006.12.11,00:00,1.32025,1.32906,1.30606,1.30805,127676
2006.12.18,00:00,1.30805,1.3246,1.3053,1.3128,138965
2006.12.25,00:00,1.3128,1.32055,1.30905,1.31977,86427
2007.01.01,00:00,1.31977,1.32964,1.2982,1.30025,120021
2007.01.08,00:00,1.30025,1.30357,1.28666,1.29235,128629
2007.01.15,00:00,1.29235,1.30014,1.2897,1.29571,137581
2007.01.22,00:00,1.29571,1.30444,1.28719,1.29172,155467
2007.01.29,00:00,1.29172,1.30648,1.28996,1.29616,139356
2007.02.05,00:00,1.29616,1.30442,1.29139,1.30085,123307
2007.02.12,00:00,1.30085,1.31728,1.29417,1.31382,134825
2007.02.19,00:00,1.31382,1.31896,1.30812,1.31665,87574
2007.02.26,00:00,1.31665,1.3259,1.31436,1.3192,96677
2007.03.05,00:00,1.3192,1.32125,1.30725,1.31155,119344
2007.03.12,00:00,1.31155,1.33397,1.3109,1.33179,76114
2007.03.19,00:00,1.33179,1.34112,1.32717,1.32835,70495
2007.03.26,00:00,1.32835,1.33994,1.32541,1.33545,114749
2007.04.02,00:00,1.33545,1.34405,1.33197,1.33795,87184
2007.04.09,00:00,1.33795,1.35538,1.33408,1.35275,92919
2007.04.16,00:00,1.35275,1.36377,1.35258,1.35903,101997
2007.04.23,00:00,1.35903,1.36808,1.3542,1.36525,105549
2007.04.30,00:00,1.36525,1.36782,1.35359,1.3591,122363
2007.05.07,00:00,1.3591,1.36277,1.34615,1.35245,121133
2007.05.14,00:00,1.35245,1.36092,1.34652,1.35084,116844
2007.05.21,00:00,1.35084,1.3531,1.341,1.34404,121171
2007.05.28,00:00,1.34404,1.35212,1.33919,1.34509,104749
2007.06.04,00:00,1.34509,1.35542,1.33204,1.33734,80360
2007.06.11,00:00,1.33734,1.33894,1.32638,1.33887,85329
2007.06.18,00:00,1.33887,1.347,1.33728,1.3469,90682
2007.06.25,00:00,1.3469,1.35415,1.34157,1.35415,75972
2007.07.02,00:00,1.35415,1.36591,1.35288,1.36278,68027
2007.07.09,00:00,1.36278,1.38133,1.35943,1.37835,77398
2007.07.16,00:00,1.37835,1.38437,1.37528,1.38272,71645
2007.07.23,00:00,1.38272,1.38522,1.36272,1.36352,106105
2007.07.30,00:00,1.36352,1.38189,1.36093,1.37735,122226
2007.08.06,00:00,1.37735,1.38405,1.36419,1.36939,115889
2007.08.13,00:00,1.36939,1.37087,1.33612,1.34745,157983
2007.08.20,00:00,1.34745,1.36817,1.34512,1.36754,96206
2007.08.27,00:00,1.36754,1.37196,1.3563,1.36295,84614
2007.09.03,00:00,1.36295,1.3799,1.35517,1.3768,84577
2007.09.10,00:00,1.3768,1.39275,1.37666,1.38745,96422
2007.09.17,00:00,1.38745,1.41204,1.38286,1.4091,97055
2007.09.24,00:00,1.4091,1.42786,1.40616,1.4267,91895
2007.10.01,00:00,1.4267,1.42815,1.40322,1.41353,84768
2007.10.08,00:00,1.41353,1.42412,1.40152,1.41787,96342
2007.10.15,00:00,1.41787,1.43196,1.41448,1.43011,104273
2007.10.22,00:00,1.43011,1.43944,1.41266,1.43929,139661
2007.10.29,00:00,1.43929,1.45284,1.43748,1.45043,101848
2007.11.05,00:00,1.45043,1.47526,1.44434,1.46783,126328
2007.11.12,00:00,1.46783,1.47254,1.45206,1.46622,152175
2007.11.19,00:00,1.46622,1.49682,1.46218,1.48375,156832
2007.11.26,00:00,1.48375,1.49082,1.46285,1.46335,169790
2007.12.03,00:00,1.46335,1.4771,1.45278,1.46578,146618
2007.12.10,00:00,1.46578,1.47504,1.44118,1.44297,147279
2007.12.17,00:00,1.44297,1.44534,1.43106,1.4382,134939
2007.12.24,00:00,1.4382,1.4728,1.43665,1.47235,69274
2007.12.31,00:00,1.47235,1.48254,1.45715,1.47429,118775
2008.01.07,00:00,1.47429,1.48194,1.46394,1.47767,166301
2008.01.14,00:00,1.47767,1.49224,1.45896,1.46212,166493
2008.01.21,00:00,1.46212,1.47794,1.43664,1.46813,197439
2008.01.28,00:00,1.46813,1.49534,1.46612,1.48025,183804
2008.02.04,00:00,1.48025,1.48492,1.44392,1.45056,192705
2008.02.11,00:00,1.45056,1.47098,1.44818,1.4682,160459
2008.02.18,00:00,1.4682,1.48636,1.46112,1.48267,145033
2008.02.25,00:00,1.48267,1.5239,1.47778,1.51786,174074
2008.03.03,00:00,1.51786,1.54625,1.51458,1.53557,147245
2008.03.10,00:00,1.53557,1.56878,1.5283,1.56737,202458
2008.03.17,00:00,1.56737,1.5905,1.53968,1.5428,190962
2008.03.17,01:00,1.5428,1.54734,1.54057,1.54339,9381
2008.03.24,00:00,1.54339,1.58594,1.53415,1.57946,184579
2008.03.31,00:00,1.57946,1.5897,1.55108,1.57375,206334
2008.04.07,00:00,1.57375,1.59132,1.56276,1.58073,172010
2008.04.14,00:00,1.58073,1.59844,1.56545,1.58172,186892
2008.04.21,00:00,1.58172,1.60194,1.55556,1.5627,182527
2008.04.28,00:00,1.5627,1.56932,1.53608,1.5424,171236
2008.05.05,00:00,1.5424,1.55942,1.52852,1.54829,153583
2008.05.12,00:00,1.54829,1.56011,1.53658,1.55767,172187
2008.05.19,00:00,1.55767,1.58136,1.5486,1.57621,168536
2008.05.26,00:00,1.57621,1.5818,1.54622,1.55539,148889
2008.06.02,00:00,1.55539,1.57802,1.53654,1.57802,175646
2008.06.09,00:00,1.57802,1.58432,1.53038,1.53807,194614
2008.06.16,00:00,1.53807,1.56512,1.5346,1.56069,186273
2008.06.23,00:00,1.56069,1.57943,1.54688,1.57943,177924
2008.06.30,00:00,1.57943,1.59096,1.56555,1.57094,159873
2008.07.07,00:00,1.57094,1.59474,1.56116,1.59374,205976
2008.07.14,00:00,1.59374,1.60388,1.5784,1.58477,211685
2008.07.21,00:00,1.58477,1.59452,1.56288,1.57095,202121
2008.07.28,00:00,1.57095,1.57682,1.55148,1.55639,204500
2008.08.04,00:00,1.55639,1.56312,1.49978,1.50052,243906
2008.08.11,00:00,1.50052,1.5084,1.46592,1.46857,258917
2008.08.18,00:00,1.46857,1.49084,1.46304,1.47931,205149
2008.08.25,00:00,1.47931,1.48114,1.45718,1.46735,211106
2008.09.01,00:00,1.46735,1.4723,1.41962,1.4268,218817
2008.09.08,00:00,1.4268,1.44295,1.38829,1.42285,264871
2008.09.15,00:00,1.42285,1.45417,1.4072,1.44662,317715
2008.09.22,00:00,1.44662,1.48662,1.4437,1.46121,268223
2008.09.29,00:00,1.46121,1.46355,1.3702,1.37745,308053
2008.10.06,00:00,1.37745,1.37852,1.32581,1.33998,356510
2008.10.13,00:00,1.33998,1.37696,1.33454,1.34108,432213
2008.10.20,00:00,1.34108,1.35301,1.2497,1.26235,675392
2008.10.27,00:00,1.26235,1.32982,1.23298,1.27238,727123
2008.11.03,00:00,1.27238,1.31165,1.25275,1.2716,598525
2008.11.10,00:00,1.2716,1.2927,1.23888,1.26047,681377
2008.11.17,00:00,1.26047,1.28146,1.24217,1.25873,607390
2008.11.24,00:00,1.25873,1.30818,1.25684,1.26909,543579
2008.12.01,00:00,1.26909,1.28488,1.25494,1.27188,568533
2008.12.08,00:00,1.27188,1.34152,1.27155,1.33674,543374
2008.12.15,00:00,1.33674,1.47204,1.3353,1.39128,573523
2008.12.22,00:00,1.39128,1.41248,1.39016,1.40299,220920
2008.12.29,00:00,1.40299,1.43636,1.38398,1.39211,295571
2009.01.05,00:00,1.39211,1.3963,1.33119,1.34758,487574
2009.01.12,00:00,1.34758,1.3487,1.30262,1.32667,496117
2009.01.19,00:00,1.32667,1.33865,1.27666,1.29879,478507
2009.01.26,00:00,1.29879,1.33305,1.27633,1.28127,483372
2009.02.02,00:00,1.28127,1.30698,1.2704,1.29401,460146
2009.02.09,00:00,1.29401,1.3094,1.27214,1.28623,442432
2009.02.16,00:00,1.28623,1.2884,1.25134,1.28264,430554
2009.02.23,00:00,1.28264,1.2992,1.26047,1.26716,462101
2009.03.02,00:00,1.26716,1.27544,1.24562,1.26544,447261
2009.03.09,00:00,1.26544,1.29576,1.25562,1.29294,382536
2009.03.16,00:00,1.29294,1.3739,1.2837,1.35816,478388
2009.03.23,00:00,1.35816,1.37359,1.32576,1.32895,474769
2009.03.30,00:00,1.32895,1.3517,1.31131,1.34845,391796
2009.04.06,00:00,1.34845,1.35825,1.30925,1.31855,333181
2009.04.13,00:00,1.31855,1.33919,1.30178,1.30447,346637
2009.04.20,00:00,1.30447,1.3301,1.28854,1.3242,342258
2009.04.27,00:00,1.3242,1.33856,1.29649,1.32705,385183
2009.05.04,00:00,1.32705,1.36508,1.32125,1.36333,472413
2009.05.11,00:00,1.36333,1.37222,1.34614,1.34953,456869
2009.05.18,00:00,1.34953,1.40509,1.34236,1.39982,417298
2009.05.25,00:00,1.39982,1.41692,1.37928,1.4149,333504
2009.06.01,00:00,1.4149,1.43386,1.39327,1.39683,425108
2009.06.08,00:00,1.39683,1.41778,1.38058,1.40165,379607
2009.06.15,00:00,1.40165,1.40336,1.37482,1.39365,348624
2009.06.22,00:00,1.39365,1.41384,1.38268,1.4057,319027
2009.06.29,00:00,1.4057,1.42012,1.39284,1.39796,259880
2009.07.06,00:00,1.39796,1.40731,1.38328,1.39368,277233
2009.07.13,00:00,1.39368,1.41662,1.38979,1.41015,272202
2009.07.20,00:00,1.41015,1.42914,1.4096,1.42021,249824
2009.07.27,00:00,1.42021,1.43046,1.40078,1.42571,253805
2009.08.03,00:00,1.42571,1.44476,1.41544,1.41838,289551
2009.08.10,00:00,1.41838,1.43278,1.40874,1.4203,250663
2009.08.17,00:00,1.4203,1.43764,1.40456,1.4326,245635
2009.08.24,00:00,1.4326,1.44066,1.42072,1.43029,230231
2009.08.31,00:00,1.43029,1.43782,1.41778,1.42907,233816
2009.09.07,00:00,1.42907,1.46352,1.42907,1.45709,238029
2009.09.14,00:00,1.45709,1.47672,1.45162,1.47111,254376
2009.09.21,00:00,1.47111,1.48446,1.4612,1.46893,270402
2009.09.28,00:00,1.46893,1.47206,1.44808,1.45763,333231
2009.10.05,00:00,1.45763,1.48178,1.45763,1.47307,294083
2009.10.12,00:00,1.47307,1.49678,1.46768,1.49073,273939
2009.10.19,00:00,1.49073,1.50596,1.48285,1.50082,277504
2009.10.26,00:00,1.50082,1.50634,1.46834,1.47155,298702
2009.11.02,00:00,1.47155,1.4918,1.46268,1.48482,285929
2009.11.09,00:00,1.48482,1.50484,1.48214,1.49026,219403
2009.11.16,00:00,1.49026,1.50154,1.48014,1.48633,227386
2009.11.23,00:00,1.48633,1.5144,1.48286,1.49896,241538
2009.11.30,00:00,1.49896,1.51412,1.48218,1.48558,221333
2009.12.07,00:00,1.48558,1.49048,1.4586,1.46165,245584
2009.12.14,00:00,1.46165,1.46854,1.42612,1.43381,230967
2009.12.21,00:00,1.43381,1.44184,1.42173,1.4388,109997
2009.12.28,00:00,1.4388,1.44582,1.4274,1.4312,97192
2010.01.04,00:00,1.4312,1.44839,1.42576,1.44098,221879
2010.01.11,00:00,1.44098,1.45792,1.43368,1.43861,239695
2010.01.18,00:00,1.43861,1.44142,1.40292,1.41357,240169
2010.01.25,00:00,1.41357,1.41942,1.38623,1.38624,257275
2010.02.01,00:00,1.38624,1.40264,1.35858,1.3679,255955
2010.02.08,00:00,1.3679,1.38392,1.35318,1.36333,291059
2010.02.15,00:00,1.36333,1.37884,1.34438,1.3612,231545
2010.02.22,00:00,1.3612,1.3692,1.34522,1.36288,259715
2010.03.01,00:00,1.36288,1.37362,1.34346,1.36255,269485
2010.03.08,00:00,1.36255,1.37962,1.35378,1.37689,206501
2010.03.15,00:00,1.37689,1.38182,1.3503,1.35293,199201
2010.03.22,00:00,1.35293,1.35692,1.32666,1.34099,234208
2010.03.29,00:00,1.34099,1.35911,1.33848,1.34979,181814
2010.04.05,00:00,1.34979,1.35377,1.32826,1.34995,175436
2010.04.12,00:00,1.34995,1.3692,1.34726,1.35014,220887
2010.04.19,00:00,1.35014,1.35254,1.3202,1.33858,219740
2010.04.26,00:00,1.33858,1.34162,1.31144,1.32925,271921
2010.05.03,00:00,1.32925,1.33591,1.25157,1.27574,409287
2010.05.10,00:00,1.27574,1.30942,1.23542,1.2355,425511
2010.05.17,00:00,1.2355,1.26727,1.21445,1.25764,526927
2010.05.24,00:00,1.25764,1.25862,1.21541,1.22731,419673
2010.05.31,00:00,1.22731,1.2354,1.19562,1.19678,345667
2010.06.07,00:00,1.19678,1.21524,1.18765,1.21118,336033
2010.06.14,00:00,1.21118,1.24164,1.21079,1.23875,263660
2010.06.21,00:00,1.23875,1.24849,1.22092,1.23694,261980
2010.06.28,00:00,1.23694,1.26112,1.21516,1.2566,278778
2010.07.05,00:00,1.2566,1.27222,1.24804,1.26402,222839
2010.07.12,00:00,1.26402,1.30072,1.25226,1.29299,229481
2010.07.19,00:00,1.29299,1.30284,1.2733,1.29105,247948
2010.07.26,00:00,1.29105,1.31064,1.28576,1.30506,245957
2010.08.02,00:00,1.30506,1.33352,1.30501,1.32795,197339
2010.08.09,00:00,1.32795,1.33076,1.27504,1.2754,236094
2010.08.16,00:00,1.2754,1.29222,1.26636,1.27105,245757
2010.08.23,00:00,1.27105,1.27792,1.2588,1.27631,241601
2010.08.30,00:00,1.27631,1.28975,1.26258,1.28955,200393
2010.09.06,00:00,1.28955,1.29184,1.26444,1.26815,193918
2010.09.13,00:00,1.26815,1.31586,1.26766,1.30506,234654
2010.09.20,00:00,1.30506,1.34951,1.30294,1.34921,251811
2010.09.27,00:00,1.34921,1.37924,1.33814,1.3791,271920
2010.10.04,00:00,1.3791,1.40294,1.36374,1.3936,269599
2010.10.11,00:00,1.3936,1.41592,1.37754,1.39772,288494
2010.10.18,00:00,1.39772,1.40503,1.36978,1.39559,359282
2010.10.25,00:00,1.39559,1.408,1.37342,1.39469,307850
2010.11.01,00:00,1.39469,1.42822,1.38642,1.40314,316038
2010.11.08,00:00,1.40314,1.40859,1.35739,1.36905,386212
2010.11.15,00:00,1.36905,1.37508,1.3447,1.36725,315884
2010.11.22,00:00,1.36725,1.37863,1.32013,1.32417,327325
2010.11.29,00:00,1.32417,1.34386,1.29694,1.34174,330569
2010.12.06,00:00,1.34174,1.34462,1.31648,1.32265,285034
2010.12.13,00:00,1.32265,1.34982,1.31337,1.31887,254647
2010.12.20,00:00,1.31887,1.32019,1.30556,1.31223,175701
2010.12.27,00:00,1.31223,1.34242,1.30728,1.33815,162976
2011.01.03,00:00,1.33815,1.34338,1.29056,1.29073,280250
2011.01.10,00:00,1.29073,1.3457,1.28608,1.33865,308574
2011.01.17,00:00,1.33865,1.36254,1.32444,1.36172,291244
2011.01.24,00:00,1.36172,1.37588,1.3541,1.36111,273474
2011.01.31,00:00,1.36111,1.38618,1.35438,1.35809,231596
2011.02.07,00:00,1.35809,1.37443,1.34976,1.35514,207013
2011.02.14,00:00,1.35514,1.37151,1.34291,1.36931,216964
2011.02.21,00:00,1.36931,1.3838,1.35262,1.37534,203490
2011.02.28,00:00,1.37534,1.40068,1.37119,1.3988,181123
2011.03.07,00:00,1.3988,1.40361,1.37522,1.39029,147616
2011.03.14,00:00,1.39029,1.41842,1.38559,1.41819,242737
2011.03.21,00:00,1.41819,1.42398,1.41389,1.42255,28723
2011.03.21,01:00,1.42255,1.42484,1.4054,1.40875,129176
2011.03.28,00:00,1.40875,1.42456,1.40208,1.42375,165031
2011.04.04,00:00,1.42375,1.44882,1.41517,1.44732,162958
2011.04.11,00:00,1.44732,1.45204,1.43656,1.44303,180690
2011.04.18,00:00,1.44303,1.46485,1.41573,1.4562,180076
2011.04.25,00:00,1.4562,1.4882,1.44936,1.4807,178364
2011.05.02,00:00,1.4807,1.49401,1.43101,1.4314,284160
2011.05.09,00:00,1.4314,1.44424,1.40666,1.41184,294112
2011.05.16,00:00,1.41184,1.43456,1.40488,1.41564,275591
2011.05.23,00:00,1.41564,1.43242,1.39696,1.43176,295292
2011.05.30,00:00,1.43176,1.46426,1.42573,1.46353,247905
2011.06.06,00:00,1.46353,1.46963,1.43223,1.4347,257656
2011.06.13,00:00,1.4347,1.44971,1.40738,1.43079,289709
2011.06.20,00:00,1.43079,1.44421,1.41267,1.41878,265530
2011.06.27,00:00,1.41878,1.4552,1.41027,1.45253,248828
2011.07.04,00:00,1.45253,1.45781,1.42058,1.42582,212738
2011.07.11,00:00,1.42582,1.42983,1.38372,1.416,345431
2011.07.18,00:00,1.416,1.44376,1.40145,1.43598,264442
2011.07.25,00:00,1.43598,1.4536,1.42297,1.4396,243404
2011.08.01,00:00,1.4396,1.44537,1.40555,1.4295,387602
2011.08.08,00:00,1.4295,1.44334,1.4104,1.42485,471873
2011.08.15,00:00,1.42485,1.45173,1.42266,1.4396,275119
2011.08.22,00:00,1.4396,1.45016,1.43281,1.44992,220528
2011.08.29,00:00,1.44992,1.45487,1.41843,1.42056,196364
2011.09.05,00:00,1.42056,1.42842,1.36266,1.36494,277515
2011.09.12,00:00,1.36494,1.3937,1.34957,1.38005,324121
2011.09.19,00:00,1.38005,1.38005,1.33852,1.35002,368798
2011.09.26,00:00,1.35002,1.36902,1.33626,1.33866,344583
2011.10.03,00:00,1.33866,1.35248,1.31462,1.33771,372599
2011.10.10,00:00,1.33771,1.38941,1.33462,1.38814,321812
2011.10.17,00:00,1.38814,1.39144,1.36532,1.3895,336837
2011.10.24,00:00,1.3895,1.42475,1.37982,1.41485,330431
2011.10.31,00:00,1.41485,1.41716,1.36087,1.37893,411430
2011.11.07,00:00,1.37893,1.38589,1.3484,1.3751,319783
2011.11.14,00:00,1.3751,1.38138,1.34219,1.35259,315847
2011.11.21,00:00,1.35259,1.35689,1.32123,1.32398,244477
2011.11.28,00:00,1.32398,1.3549,1.32358,1.33939,260923
2011.12.05,00:00,1.33939,1.34862,1.32822,1.33874,217642
2011.12.12,00:00,1.33874,1.33874,1.29458,1.30435,216392
2011.12.19,00:00,1.30435,1.31986,1.29832,1.30432,153516
2011.12.26,00:00,1.30432,1.30831,1.28584,1.29625,110224
2012.01.02,00:00,1.29625,1.30768,1.26974,1.27195,157902
2012.01.09,00:00,1.27195,1.28783,1.2624,1.26811,188362
2012.01.16,00:00,1.26811,1.29862,1.26264,1.29328,174015
2012.01.23,00:00,1.29328,1.3234,1.28565,1.32198,186794
2012.01.30,00:00,1.32198,1.32335,1.30264,1.31577,187854
2012.02.06,00:00,1.31577,1.33216,1.30279,1.31971,190107
2012.02.13,00:00,1.31971,1.32839,1.29746,1.31471,188323
2012.02.20,00:00,1.31471,1.34866,1.31397,1.34535,165368
2012.02.27,00:00,1.34535,1.34856,1.3187,1.31983,173159
2012.03.05,00:00,1.31983,1.32912,1.30965,1.31237,155678
2012.03.12,00:00,1.31237,1.31915,1.30044,1.31755,137884
2012.03.19,00:00,1.31755,1.32657,1.31422,1.32248,47168
2012.03.19,01:00,1.32248,1.32936,1.3134,1.32697,92758
2012.03.26,00:00,1.32697,1.33853,1.31923,1.33424,141111
2012.04.02,00:00,1.33424,1.33805,1.30353,1.30937,132379
2012.04.09,00:00,1.30937,1.32127,1.30337,1.30774,135797
2012.04.16,00:00,1.30774,1.32276,1.29954,1.3212,153081
2012.04.23,00:00,1.3212,1.32703,1.31048,1.32547,145751
2012.04.30,00:00,1.32547,1.32838,1.30805,1.30837,116617
2012.05.07,00:00,1.30837,1.30837,1.2905,1.29179,162925
2012.05.14,00:00,1.29179,1.29353,1.26427,1.27715,190453
2012.05.21,00:00,1.27715,1.28243,1.24964,1.25194,200878
2012.05.28,00:00,1.25194,1.26244,1.22884,1.24344,184416
2012.06.04,00:00,1.24344,1.26254,1.23862,1.25106,202349
2012.06.11,00:00,1.25106,1.26714,1.24428,1.26383,206534
2012.06.18,00:00,1.26383,1.27477,1.25196,1.25698,238576
2012.06.25,00:00,1.25698,1.2693,1.24076,1.26646,200968
2012.07.02,00:00,1.26646,1.2681,1.22605,1.22865,165809
2012.07.09,00:00,1.22865,1.23338,1.21626,1.22492,152619
2012.07.16,00:00,1.22492,1.23246,1.21442,1.21567,164605
2012.07.23,00:00,1.21567,1.23898,1.20424,1.23201,233180
2012.07.30,00:00,1.23201,1.24053,1.21339,1.23863,220673
2012.08.06,00:00,1.23863,1.24434,1.22414,1.22889,176757
2012.08.13,00:00,1.22889,1.23856,1.22562,1.23337,229953
2012.08.20,00:00,1.23337,1.25897,1.22954,1.25121,188810
2012.08.27,00:00,1.25121,1.26376,1.24654,1.25759,165815
2012.09.03,00:00,1.25759,1.28174,1.25018,1.28161,196755
2012.09.10,00:00,1.28161,1.31688,1.27552,1.31282,222727
2012.09.17,00:00,1.31282,1.31721,1.29193,1.29802,216320
2012.09.24,00:00,1.29802,1.29906,1.28288,1.28579,210110
2012.10.01,00:00,1.28579,1.30715,1.2804,1.30389,194630
2012.10.08,00:00,1.30389,1.30389,1.28254,1.29529,175147
2012.10.15,00:00,1.29529,1.31394,1.28913,1.30244,176274
2012.10.22,00:00,1.30244,1.30834,1.28826,1.29371,176991
2012.10.29,00:00,1.29371,1.30205,1.28213,1.28377,146081
2012.11.05,00:00,1.28377,1.28766,1.26902,1.27123,204119
2012.11.12,00:00,1.27123,1.28021,1.26617,1.27428,173439
2012.11.19,00:00,1.27428,1.29912,1.27366,1.29757,164492
2012.11.26,00:00,1.29757,1.30276,1.28803,1.29851,173156
2012.12.03,00:00,1.29851,1.31266,1.28763,1.29272,165721
2012.12.10,00:00,1.29272,1.31734,1.28857,1.31631,173688
2012.12.17,00:00,1.31631,1.33081,1.31441,1.3188,283193
2012.12.24,00:00,1.3188,1.32838,1.31659,1.32166,153224
2012.12.31,00:00,1.32166,1.32994,1.29975,1.30688,257508
2013.01.07,00:00,1.30688,1.33662,1.30167,1.33427,326641
2013.01.14,00:00,1.33427,1.3404,1.32566,1.33202,380422
2013.01.21,00:00,1.33202,1.34792,1.32644,1.34634,337218
2013.01.28,00:00,1.34634,1.3711,1.34146,1.36404,355184
2013.02.04,00:00,1.36404,1.366,1.33533,1.33656,389250
2013.02.11,00:00,1.33656,1.35202,1.33064,1.33606,704548
2013.02.18,00:00,1.33606,1.34342,1.31451,1.3191,674633
2013.02.25,00:00,1.3191,1.3319,1.29666,1.302,1068948
2013.03.04,00:00,1.302,1.31345,1.29552,1.30048,745541
2013.03.11,00:00,1.30048,1.31074,1.29114,1.30755,705706
2013.03.18,00:00,1.30755,1.30755,1.28435,1.28986,962983
2013.03.18,01:00,1.28986,1.30102,1.28885,1.29878,113495
2013.03.25,00:00,1.29878,1.30482,1.2751,1.28185,519204
2013.04.01,00:00,1.28185,1.304,1.27453,1.29912,483832
2013.04.08,00:00,1.29912,1.31384,1.29684,1.3112,471590
2013.04.15,00:00,1.3112,1.32016,1.30012,1.3052,600154
2013.04.22,00:00,1.3052,1.30935,1.29543,1.30304,484147
2013.04.29,00:00,1.30304,1.32428,1.30304,1.31146,478523
2013.05.06,00:00,1.31146,1.31942,1.29355,1.29901,418361
2013.05.13,00:00,1.29901,1.30293,1.27964,1.28388,502515
2013.05.20,00:00,1.28388,1.29982,1.28194,1.2932,560952
2013.05.27,00:00,1.2932,1.30614,1.28379,1.29974,493971
2013.06.03,00:00,1.29974,1.33064,1.29554,1.32184,630022
2013.06.10,00:00,1.32184,1.33902,1.31777,1.3346,579454
2013.06.17,00:00,1.3346,1.34174,1.30987,1.31216,541754
2013.06.24,00:00,1.31216,1.31508,1.29848,1.30101,498747
2013.07.01,00:00,1.30101,1.30782,1.28062,1.283,419104
2013.07.08,00:00,1.283,1.32074,1.27552,1.30676,528318
2013.07.15,00:00,1.30676,1.31786,1.29934,1.31426,406758
2013.07.22,00:00,1.31426,1.3297,1.31364,1.32792,373793
2013.07.29,00:00,1.32792,1.33452,1.31891,1.3281,438339
2013.08.05,00:00,1.3281,1.34004,1.32328,1.33416,340678
2013.08.12,00:00,1.33416,1.338,1.32054,1.33278,354126
2013.08.19,00:00,1.33278,1.3452,1.32984,1.33822,364578
2013.08.26,00:00,1.33822,1.33988,1.31732,1.32212,320528
2013.09.02,00:00,1.32212,1.32274,1.3105,1.31804,306039
2013.09.09,00:00,1.31804,1.3325,1.31618,1.32958,287167
2013.09.16,00:00,1.32958,1.35688,1.32958,1.35251,326852
2013.09.23,00:00,1.35251,1.35646,1.34619,1.35222,268736
2013.09.30,00:00,1.35222,1.36464,1.34778,1.35574,317289
2013.10.07,00:00,1.35574,1.36072,1.34856,1.35424,288806
2013.10.14,00:00,1.35424,1.37044,1.34726,1.3686,334236
2013.10.21,00:00,1.3686,1.38327,1.3651,1.38032,313175
2013.10.28,00:00,1.38032,1.38178,1.348,1.34868,381059
2013.11.04,00:00,1.34868,1.35477,1.32948,1.33693,419526
2013.11.11,00:00,1.33693,1.3506,1.3345,1.34961,371255
2013.11.18,00:00,1.34961,1.35798,1.33992,1.3558,396355
2013.11.25,00:00,1.3558,1.36218,1.34902,1.35912,310943
2013.12.02,00:00,1.35912,1.37066,1.35244,1.37062,406817
2013.12.09,00:00,1.37062,1.38108,1.36944,1.37432,319447
2013.12.16,00:00,1.37432,1.38118,1.3625,1.36738,377997
2013.12.23,00:00,1.36738,1.38943,1.36551,1.37497,196046
2013.12.30,00:00,1.37497,1.38192,1.35825,1.35888,272658
2014.01.06,00:00,1.35888,1.36874,1.35484,1.36702,384713
2014.01.13,00:00,1.36702,1.36996,1.35173,1.35414,327491
2014.01.20,00:00,1.35414,1.37398,1.35076,1.36784,348103
2014.01.27,00:00,1.36784,1.37169,1.3479,1.34854,396645
2014.02.03,00:00,1.34854,1.36449,1.34769,1.3635,366133
2014.02.10,00:00,1.3635,1.37149,1.35624,1.36922,295087
2014.02.17,00:00,1.36922,1.37734,1.36852,1.37393,246420
2014.02.24,00:00,1.37393,1.3825,1.36432,1.38028,304310
2014.03.03,00:00,1.38028,1.39154,1.37074,1.38784,335821
2014.03.10,00:00,1.38784,1.39668,1.38338,1.39111,292727
2014.03.17,00:00,1.39111,1.39477,1.37492,1.37922,293205
2014.03.24,00:00,1.37922,1.38761,1.37051,1.37528,328033
2014.03.31,00:00,1.37528,1.38206,1.36728,1.37047,321699
2014.04.07,00:00,1.37047,1.39058,1.36964,1.38846,281341
2014.04.14,00:00,1.38846,1.38846,1.37904,1.3811,230770
2014.04.21,00:00,1.3811,1.38546,1.3785,1.38324,209601
2014.04.28,00:00,1.38324,1.38892,1.37742,1.38734,233715
2014.05.05,00:00,1.38734,1.39936,1.37452,1.37599,248039
2014.05.12,00:00,1.37599,1.3775,1.36484,1.36938,249953
2014.05.19,00:00,1.36938,1.37343,1.36158,1.363,213160
2014.05.26,00:00,1.363,1.36687,1.3586,1.36334,192274
2014.06.02,00:00,1.36334,1.36775,1.3503,1.36418,302112
2014.06.09,00:00,1.36418,1.36688,1.35123,1.3543,230485
2014.06.16,00:00,1.3543,1.36437,1.35131,1.35996,196843
2014.06.23,00:00,1.35996,1.36511,1.35741,1.36481,179943
2014.06.30,00:00,1.36481,1.37006,1.35856,1.35943,166697
2014.07.07,00:00,1.35943,1.36508,1.3576,1.36074,145493
2014.07.14,00:00,1.36074,1.36403,1.34909,1.35242,170694
2014.07.21,00:00,1.35242,1.35492,1.34214,1.34297,163353
2014.07.28,00:00,1.34297,1.3445,1.3367,1.34322,170822
2014.08.04,00:00,1.34322,1.34328,1.33332,1.34128,176958
2014.08.11,00:00,1.34128,1.34152,1.33362,1.34006,158692
2014.08.18,00:00,1.34006,1.34006,1.3221,1.32426,57427
2014.08.25,00:00,1.32426,1.32426,1.3132,1.31326,57409
2014.09.01,00:00,1.31326,1.31602,1.29204,1.29508,68197
2014.09.08,00:00,1.29508,1.29792,1.28594,1.29634,80546
2014.09.15,00:00,1.29634,1.29954,1.28282,1.28294,103848
2014.09.22,00:00,1.28294,1.29016,1.2677,1.26854,86691
2014.09.29,00:00,1.26854,1.2715,1.25006,1.25138,131831
2014.10.06,00:00,1.25138,1.27915,1.25086,1.26302,157007
2014.10.13,00:00,1.26302,1.28878,1.26206,1.27588,202531
2014.10.20,00:00,1.27588,1.28402,1.26138,1.26706,118687
2014.10.27,00:00,1.26706,1.27708,1.24858,1.25244,140661
2014.11.03,00:00,1.25244,1.25774,1.23576,1.2455,257718
2014.11.10,00:00,1.2455,1.25464,1.23946,1.25246,175628
2014.11.17,00:00,1.25246,1.26002,1.2375,1.23912,151196
2014.11.24,00:00,1.23912,1.25316,1.23613,1.2451,104653
2014.12.01,00:00,1.2451,1.25068,1.22709,1.22869,155163
2014.12.08,00:00,1.22869,1.24952,1.22472,1.2461,168630
2014.12.15,00:00,1.2461,1.25696,1.22202,1.22278,208795
2014.12.22,00:00,1.22278,1.22727,1.2165,1.2181,52483
2014.12.29,00:00,1.2181,1.22211,1.2001,1.2002,69644
2015.01.05,00:00,1.2002,1.2002,1.17543,1.18412,164528
2015.01.12,00:00,1.18412,1.1871,1.14601,1.15679,284028
2015.01.19,00:00,1.15679,1.16804,1.11144,1.12064,241886
2015.01.26,00:00,1.12064,1.14228,1.10982,1.12853,243370
2015.02.02,00:00,1.12853,1.15342,1.12853,1.1317,214283
2015.02.09,00:00,1.1317,1.14433,1.12704,1.13915,168797
2015.02.16,00:00,1.13915,1.14501,1.12792,1.13786,168926
2015.02.23,00:00,1.13786,1.13967,1.11762,1.11968,157254
2015.03.02,00:00,1.11968,1.12404,1.08408,1.08436,248798
2015.03.09,00:00,1.08436,1.09065,1.04625,1.0496,557151
2015.03.16,00:00,1.0496,1.105,1.04696,1.08216,586820
2015.03.23,00:00,1.08216,1.10526,1.07674,1.08907,589013
2015.03.30,00:00,1.08907,1.10272,1.07132,1.09738,447308
2015.04.06,00:00,1.09738,1.10356,1.0568,1.06018,451993
2015.04.13,00:00,1.06018,1.08488,1.05204,1.08067,630986
2015.04.20,00:00,1.08067,1.09002,1.06598,1.08749,556660
2015.04.27,00:00,1.08749,1.12908,1.08196,1.11974,588273
2015.05.04,00:00,1.11974,1.1392,1.10662,1.12035,585653
2015.05.11,00:00,1.12035,1.1467,1.11308,1.1448,501513
2015.05.18,00:00,1.1448,1.14502,1.10022,1.10124,559124
2015.05.25,00:00,1.10124,1.10124,1.08191,1.09909,524437
2015.06.01,00:00,1.09909,1.13802,1.08871,1.11137,644613
2015.06.08,00:00,1.11137,1.13866,1.10845,1.1269,589109
2015.06.15,00:00,1.1269,1.14364,1.11894,1.13496,476427
2015.06.22,00:00,1.13496,1.14104,1.11298,1.11732,449855
2015.06.29,00:00,1.11732,1.12784,1.09548,1.11138,387387
2015.07.06,00:00,1.11138,1.1216,1.09163,1.11552,441558
2015.07.13,00:00,1.11552,1.11972,1.08286,1.08298,418888
2015.07.20,00:00,1.08298,1.10182,1.08086,1.09825,388494
2015.07.27,00:00,1.09825,1.11295,1.08934,1.0985,425430
2015.08.03,00:00,1.0985,1.09963,1.0848,1.09662,383469
2015.08.10,00:00,1.09662,1.12141,1.09254,1.11096,423832
2015.08.17,00:00,1.11096,1.1389,1.10174,1.13872,399384
2015.08.24,00:00,1.13872,1.17141,1.11558,1.11844,734920
2015.08.31,00:00,1.11844,1.13322,1.10874,1.1149,469977
2015.09.07,00:00,1.1149,1.13497,1.11216,1.1338,389416
2015.09.14,00:00,1.1338,1.14603,1.1214,1.13004,401865
2015.09.21,00:00,1.13004,1.13304,1.11053,1.1198,424159
2015.09.28,00:00,1.1198,1.13186,1.11352,1.1212,422887
2015.10.05,00:00,1.1212,1.13873,1.1172,1.13584,398053
2015.10.12,00:00,1.13584,1.14954,1.13346,1.13487,352047
2015.10.19,00:00,1.13487,1.1387,1.09966,1.10175,364998
2015.10.26,00:00,1.10175,1.10958,1.0897,1.10062,393908
2015.11.02,00:00,1.10062,1.10528,1.07072,1.07404,362914
2015.11.09,00:00,1.07404,1.08319,1.06744,1.07725,394243
2015.11.16,00:00,1.07725,1.07725,1.06172,1.06454,381505
2015.11.23,00:00,1.06454,1.06898,1.05666,1.05928,362048
2015.11.30,00:00,1.05928,1.09813,1.05237,1.08813,561435
2015.12.07,00:00,1.08813,1.1043,1.07962,1.09924,503730
2015.12.14,00:00,1.09924,1.10596,1.08026,1.08657,585769
2015.12.21,00:00,1.08657,1.09844,1.0848,1.09638,241907
2015.12.28,00:00,1.09638,1.09926,1.08532,1.08697,175253
2016.01.04,00:00,1.08697,1.09466,1.07106,1.09264,549037
2016.01.11,00:00,1.09264,1.09846,1.08048,1.09153,559221
2016.01.18,00:00,1.09153,1.09761,1.07778,1.07983,561934
2016.01.25,00:00,1.07983,1.09676,1.07873,1.08307,517262
2016.02.01,00:00,1.08307,1.1247,1.08146,1.11582,568658
2016.02.08,00:00,1.11582,1.13766,1.10866,1.12557,789541
2016.02.15,00:00,1.12557,1.12557,1.10668,1.11302,467505
2016.02.22,00:00,1.11302,1.11302,1.0912,1.09325,494679
2016.02.29,00:00,1.09325,1.10436,1.08255,1.10055,475659
2016.03.07,00:00,1.10055,1.1218,1.0822,1.1149,521082
2016.03.14,00:00,1.1149,1.13426,1.10578,1.12706,492691
2016.03.21,00:00,1.12706,1.12849,1.11445,1.11673,328712
2016.03.28,00:00,1.11673,1.14382,1.1153,1.13917,466064
2016.04.04,00:00,1.13917,1.14542,1.13271,1.13979,491066
2016.04.11,00:00,1.13979,1.1465,1.1234,1.12835,448339
2016.04.18,00:00,1.12835,1.13988,1.12182,1.12245,433342
2016.04.25,00:00,1.12245,1.14596,1.12182,1.14488,482513
2016.05.02,00:00,1.14488,1.16164,1.1386,1.14044,473411
2016.05.09,00:00,1.14044,1.14468,1.12828,1.13081,380785
2016.05.16,00:00,1.13081,1.1349,1.118,1.12232,369618
2016.05.23,00:00,1.12232,1.12433,1.1111,1.11137,356555
2016.05.30,00:00,1.11137,1.13738,1.10978,1.13668,401345
2016.06.06,00:00,1.13668,1.14158,1.12456,1.12514,397955
2016.06.13,00:00,1.12514,1.13032,1.11311,1.12764,476708
2016.06.20,00:00,1.12764,1.14282,1.0912,1.11086,652383
2016.06.27,00:00,1.11086,1.11696,1.09708,1.11384,595560
2016.07.04,00:00,1.11384,1.11868,1.10022,1.10503,422820
2016.07.11,00:00,1.10503,1.1165,1.10156,1.10353,461613
2016.07.18,00:00,1.10353,1.10844,1.09554,1.09764,398705
2016.07.25,00:00,1.09764,1.11976,1.09521,1.11746,374387
2016.08.01,00:00,1.11746,1.12339,1.10458,1.10872,313211
2016.08.08,00:00,1.10872,1.12216,1.10706,1.11621,276823
2016.08.15,00:00,1.11621,1.13664,1.11536,1.13252,370517
2016.08.22,00:00,1.13252,1.13554,1.1181,1.11966,361301
2016.08.29,00:00,1.11966,1.12522,1.11231,1.11554,392926
2016.09.05,00:00,1.11554,1.13273,1.11392,1.12326,372703
2016.09.12,00:00,1.12326,1.12842,1.11496,1.11576,438132
2016.09.19,00:00,1.11576,1.12572,1.1123,1.12256,371477
2016.09.26,00:00,1.12256,1.12794,1.11535,1.12423,398838
2016.10.03,00:00,1.12423,1.12448,1.11044,1.12013,429062
2016.10.10,00:00,1.12013,1.12046,1.09705,1.09712,406916
2016.10.17,00:00,1.09712,1.10394,1.08593,1.08839,341353
2016.10.24,00:00,1.08839,1.09918,1.0851,1.09876,381081
2016.10.31,00:00,1.09876,1.11416,1.0936,1.11395,409573
2016.11.07,00:00,1.11395,1.12998,1.08305,1.08566,687344
2016.11.14,00:00,1.08566,1.08566,1.05692,1.05896,681682
2016.11.21,00:00,1.05896,1.06579,1.05182,1.05936,537018
2016.11.28,00:00,1.05936,1.06902,1.05526,1.06663,609688
2016.12.05,00:00,1.06663,1.08744,1.05059,1.05611,578684
2016.12.12,00:00,1.05611,1.06703,1.03664,1.04512,600593
2016.12.19,00:00,1.04512,1.04996,1.03524,1.04552,387680
2016.12.26,00:00,1.04552,1.06565,1.03722,1.05204,312482
2017.01.02,00:00,1.05204,1.06233,1.03402,1.05317,523388
2017.01.09,00:00,1.05317,1.06847,1.0454,1.06433,681888
2017.01.16,00:00,1.06433,1.07198,1.05792,1.07012,673550
2017.01.23,00:00,1.07012,1.07752,1.06577,1.06978,585921
2017.01.30,00:00,1.06978,1.0829,1.06202,1.07856,651369
2017.02.06,00:00,1.07856,1.07916,1.06077,1.06408,565286
2017.02.13,00:00,1.06408,1.06794,1.05214,1.06162,337160
2017.02.20,00:00,1.06162,1.0633,1.04938,1.0561,297814
2017.02.27,00:00,1.0561,1.0631,1.0495,1.0622,542053
2017.03.06,00:00,1.0622,1.0699,1.0525,1.06736,551287
2017.03.13,00:00,1.06736,1.07828,1.06,1.07382,801367
2017.03.20,00:00,1.07382,1.08194,1.07194,1.08098,283658
2017.03.20,01:00,1.08098,1.0825,1.076,1.07976,443527
2017.03.27,00:00,1.07976,1.09065,1.06514,1.06548,654298
2017.04.03,00:00,1.06548,1.06893,1.05808,1.05902,592490
2017.04.10,00:00,1.05902,1.06776,1.05697,1.06126,426993
2017.04.17,00:00,1.06126,1.07774,1.06029,1.07266,494738
2017.04.24,00:00,1.07266,1.0951,1.07266,1.08962,388508
2017.05.01,00:00,1.08962,1.09998,1.08749,1.09989,306877
2017.05.08,00:00,1.09989,1.10237,1.08392,1.09314,346986
2017.05.15,00:00,1.09314,1.1212,1.09227,1.12068,427636
2017.05.22,00:00,1.12068,1.12684,1.11606,1.11813,411727
2017.05.29,00:00,1.11813,1.12851,1.11094,1.12826,324116
2017.06.05,00:00,1.12826,1.12843,1.11664,1.11959,386810
2017.06.12,00:00,1.11959,1.12958,1.11322,1.11964,384998
2017.06.19,00:00,1.11964,1.12128,1.1119,1.11938,273813
2017.06.26,00:00,1.11938,1.14456,1.11718,1.14252,454285
2017.07.03,00:00,1.14252,1.14398,1.13126,1.14001,338139
2017.07.10,00:00,1.14001,1.14896,1.13704,1.14688,393128
2017.07.17,00:00,1.14688,1.16831,1.14349,1.1664,528061
2017.07.24,00:00,1.1664,1.17771,1.16126,1.17498,917146
2017.07.31,00:00,1.17498,1.19109,1.1723,1.17734,846117
2017.08.07,00:00,1.17734,1.18479,1.16892,1.18218,743394
2017.08.14,00:00,1.18218,1.18385,1.16622,1.17606,844960
2017.08.21,00:00,1.17606,1.1942,1.17312,1.19232,679966
2017.08.28,00:00,1.19232,1.20705,1.18232,1.18597,925753
2017.09.04,00:00,1.18597,1.2093,1.18597,1.20354,944902
2017.09.11,00:00,1.20354,1.20354,1.18379,1.19476,907662
2017.09.18,00:00,1.19476,1.20351,1.18612,1.19474,968238
2017.09.25,00:00,1.19474,1.19474,1.17169,1.18152,940043
2017.10.02,00:00,1.18152,1.18156,1.16692,1.17334,731712
2017.10.09,00:00,1.17334,1.188,1.17194,1.18212,635003
2017.10.16,00:00,1.18212,1.18582,1.17299,1.17817,625302
2017.10.23,00:00,1.17817,1.1837,1.15739,1.16082,786785
2017.10.30,00:00,1.16082,1.16927,1.15938,1.16085,676809
2017.11.06,00:00,1.16085,1.16779,1.15536,1.16651,648634
2017.11.13,00:00,1.16651,1.18612,1.16374,1.17939,673282
2017.11.20,00:00,1.17939,1.19444,1.17129,1.19329,572908
2017.11.27,00:00,1.19329,1.19612,1.18092,1.18973,829660
2017.12.04,00:00,1.18973,1.18973,1.173,1.17715,649006
2017.12.11,00:00,1.17715,1.1863,1.17178,1.17511,603321
2017.12.18,00:00,1.17511,1.19017,1.17381,1.18619,546536
2017.12.25,00:00,1.18619,1.20258,1.18465,1.20025,305770
2018.01.01,00:00,1.20025,1.20891,1.2001,1.20296,444873
2018.01.08,00:00,1.20296,1.22192,1.19158,1.22004,788794
2018.01.15,00:00,1.22004,1.23236,1.21652,1.22182,939845
2018.01.22,00:00,1.22182,1.25378,1.22137,1.2431,1183142
2018.01.29,00:00,1.2431,1.25233,1.23349,1.24562,1209826
2018.02.05,00:00,1.24562,1.2475,1.22054,1.22515,1409424
2018.02.12,00:00,1.22515,1.2556,1.22348,1.24099,987914
2018.02.19,00:00,1.24099,1.24355,1.22596,1.22946,849285
2018.02.26,00:00,1.22946,1.23553,1.21542,1.23182,931662
2018.03.05,00:00,1.23182,1.24462,1.22692,1.23058,1001262
2018.03.12,00:00,1.23058,1.2413,1.22604,1.22891,747317
2018.03.19,00:00,1.22891,1.23586,1.22394,1.23381,523974
2018.03.19,01:00,1.23381,1.23886,1.22853,1.23539,404363
2018.03.26,00:00,1.23539,1.24766,1.22838,1.23237,721724
2018.04.02,00:00,1.23237,1.23452,1.22146,1.22815,708480
2018.04.09,00:00,1.22815,1.23975,1.22605,1.23306,797630
2018.04.16,00:00,1.23306,1.2414,1.22495,1.22871,739164
2018.04.23,00:00,1.22871,1.22896,1.20552,1.21305,824910
2018.04.30,00:00,1.21305,1.2139,1.19105,1.1962,906701
2018.05.07,00:00,1.1962,1.19784,1.18224,1.19412,845806
2018.05.14,00:00,1.19412,1.19964,1.17495,1.17707,916713
2018.05.21,00:00,1.17707,1.18299,1.16452,1.1648,1020713
2018.05.28,00:00,1.1648,1.17285,1.15098,1.16592,1220056
2018.06.04,00:00,1.16592,1.18402,1.16526,1.17691,977967
2018.06.11,00:00,1.17691,1.18522,1.15431,1.16089,930641
2018.06.18,00:00,1.16089,1.16749,1.15078,1.1656,1003762
2018.06.25,00:00,1.1656,1.17206,1.15272,1.1685,1164054
2018.07.02,00:00,1.1685,1.17678,1.15912,1.17469,737791
2018.07.09,00:00,1.17469,1.1791,1.16128,1.1686,815154
2018.07.16,00:00,1.1686,1.17446,1.15746,1.17227,995213
2018.07.23,00:00,1.17227,1.17508,1.16202,1.16569,846525
2018.07.30,00:00,1.16569,1.1746,1.15598,1.15686,735522
2018.08.06,00:00,1.15686,1.16285,1.13879,1.14119,704997
2018.08.13,00:00,1.14119,1.14452,1.13008,1.14386,914104
2018.08.20,00:00,1.14386,1.16402,1.13943,1.1622,776919
2018.08.27,00:00,1.1622,1.17338,1.15844,1.16019,801641
2018.09.03,00:00,1.16019,1.16596,1.153,1.15535,767064
2018.09.10,00:00,1.15535,1.17218,1.1526,1.1625,644973
2018.09.17,00:00,1.1625,1.18031,1.16181,1.17482,711899
2018.09.24,00:00,1.17482,1.18154,1.157,1.16042,778177
2018.10.01,00:00,1.16042,1.16252,1.14634,1.15221,836262
2018.10.08,00:00,1.15221,1.16106,1.1432,1.15594,935486
2018.10.15,00:00,1.15594,1.16218,1.14328,1.15142,882766
2018.10.22,00:00,1.15142,1.15506,1.13357,1.14033,978036
2018.10.29,00:00,1.14033,1.14557,1.13019,1.13874,947661
2018.11.05,00:00,1.13874,1.15001,1.13166,1.1335,974920
2018.11.12,00:00,1.1335,1.14204,1.12154,1.14186,1190576
2018.11.19,00:00,1.14186,1.14726,1.13282,1.13359,717412
2018.11.26,00:00,1.13359,1.1402,1.12669,1.13181,849932
2018.12.03,00:00,1.13181,1.14238,1.13106,1.13793,879931
2018.12.10,00:00,1.13793,1.14426,1.12695,1.13051,936226
2018.12.17,00:00,1.13051,1.14856,1.12988,1.13714,947099
2018.12.24,00:00,1.13714,1.14728,1.13428,1.14439,646370
2018.12.31,00:00,1.14439,1.14972,1.13084,1.13944,787875
2019.01.07,00:00,1.13944,1.15703,1.13944,1.14677,894998
2019.01.14,00:00,1.14677,1.14895,1.1353,1.13628,833302
2019.01.21,00:00,1.13628,1.1418,1.12892,1.14045,755443
2019.01.28,00:00,1.14045,1.15144,1.13903,1.14559,633227
2019.02.04,00:00,1.14559,1.14605,1.13212,1.13221,299147
2019.02.11,00:00,1.13221,1.13416,1.12342,1.1295,320038
2019.02.18,00:00,1.1295,1.13712,1.12756,1.1334,320176
2019.02.25,00:00,1.1334,1.14197,1.13288,1.13647,347776
2019.03.04,00:00,1.13647,1.13828,1.11763,1.12347,353895
2019.03.11,00:00,1.12347,1.13444,1.12218,1.13252,333600
2019.03.18,00:00,1.13252,1.14482,1.13192,1.13756,250649
2019.03.18,01:00,1.13756,1.13908,1.12734,1.13014,88311
2019.03.25,00:00,1.13014,1.13314,1.12099,1.12176,364703
2019.04.01,00:00,1.12176,1.12547,1.11838,1.12163,275568
2019.04.08,00:00,1.12163,1.13239,1.12148,1.12987,249675
2019.04.15,00:00,1.12987,1.13238,1.12263,1.12453,228292
2019.04.22,00:00,1.12453,1.1262,1.11114,1.11472,273526
2019.04.29,00:00,1.11472,1.12648,1.11352,1.12012,293067
2019.05.06,00:00,1.12012,1.12536,1.11666,1.12336,337204
2019.05.13,00:00,1.12336,1.12636,1.11553,1.11574,280112
2019.05.20,00:00,1.11574,1.12122,1.11071,1.12038,257237
2019.05.27,00:00,1.12038,1.12152,1.1116,1.11688,251742
2019.06.03,00:00,1.11688,1.13478,1.11603,1.13336,418784
2019.06.10,00:00,1.13336,1.13434,1.12025,1.12096,304134
2019.06.17,00:00,1.12096,1.1378,1.11814,1.13688,398442
2019.06.24,00:00,1.13688,1.14122,1.13442,1.13721,358697
2019.07.01,00:00,1.13721,1.13721,1.12074,1.12255,274481
2019.07.08,00:00,1.12255,1.12858,1.11934,1.12706,266819
2019.07.15,00:00,1.12706,1.12839,1.11998,1.12208,265053
2019.07.22,00:00,1.12208,1.12254,1.11014,1.1128,303716
2019.07.29,00:00,1.1128,1.11622,1.10269,1.11084,422196
2019.08.05,00:00,1.11084,1.12496,1.11045,1.12002,466048
2019.08.12,00:00,1.12002,1.12308,1.10664,1.10904,417125
2019.08.19,00:00,1.10904,1.11532,1.10518,1.11429,314917
2019.08.26,00:00,1.11429,1.11642,1.09632,1.09905,402507
2019.09.02,00:00,1.09905,1.10849,1.0926,1.10278,331535
2019.09.09,00:00,1.10278,1.11096,1.09268,1.10743,368977
2019.09.16,00:00,1.10743,1.10864,1.09904,1.10182,365266
2019.09.23,00:00,1.10182,1.10255,1.09047,1.09404,351904
2019.09.30,00:00,1.09404,1.09994,1.08792,1.09782,341799
2019.10.07,00:00,1.09782,1.10628,1.0941,1.10388,363550
2019.10.14,00:00,1.10388,1.11724,1.09914,1.11708,372471
2019.10.21,00:00,1.11708,1.11795,1.1073,1.10798,258893
2019.10.28,00:00,1.10798,1.11756,1.10736,1.11654,282897
2019.11.04,00:00,1.11654,1.11755,1.10166,1.10192,269891
2019.11.11,00:00,1.10192,1.1057,1.0989,1.10514,203589
2019.11.18,00:00,1.10514,1.1097,1.10144,1.102,214514
2019.11.25,00:00,1.102,1.10322,1.09812,1.10188,182155
2019.12.02,00:00,1.10188,1.11164,1.1003,1.10601,225931
2019.12.09,00:00,1.10601,1.11997,1.10534,1.11206,279551
2019.12.16,00:00,1.11206,1.11748,1.10662,1.10765,218273
2019.12.23,00:00,1.10765,1.11884,1.10691,1.11758,128519
2019.12.30,00:00,1.11758,1.12393,1.11249,1.11594,210715
2020.01.06,00:00,1.11594,1.12057,1.1085,1.11207,273660
2020.01.13,00:00,1.11207,1.11726,1.10862,1.10905,202853
2020.01.20,00:00,1.10905,1.1118,1.10198,1.10252,211065
2020.01.27,00:00,1.10252,1.10955,1.09924,1.10945,220617
2020.02.03,00:00,1.10945,1.10956,1.0942,1.09463,254369
2020.02.10,00:00,1.09463,1.09576,1.08272,1.0831,219006
2020.02.17,00:00,1.0831,1.08636,1.07778,1.08474,250030
2020.02.24,00:00,1.08474,1.10531,1.08052,1.10277,551729
2020.03.02,00:00,1.10277,1.13548,1.10277,1.12836,770722
2020.03.09,00:00,1.12836,1.14963,1.1055,1.11054,1155238
2020.03.16,00:00,1.11054,1.12368,1.06377,1.06964,1301459
2020.03.23,00:00,1.06964,1.11477,1.06361,1.11415,944680
2020.03.30,00:00,1.11415,1.11448,1.07728,1.08056,685367
2020.04.06,00:00,1.08056,1.0953,1.07684,1.09357,438311
2020.04.13,00:00,1.09357,1.09911,1.0812,1.08739,440311
2020.04.20,00:00,1.08739,1.08968,1.07272,1.08232,428201
2020.04.27,00:00,1.08232,1.10192,1.08096,1.09794,422713
2020.05.04,00:00,1.09794,1.09794,1.07666,1.08384,385483
2020.05.11,00:00,1.08384,1.08965,1.0775,1.08197,411143
2020.05.18,00:00,1.08197,1.10084,1.07998,1.09024,373623
2020.05.25,00:00,1.09024,1.11454,1.08706,1.11053,457244
2020.06.01,00:00,1.11053,1.13839,1.11004,1.12915,607011
2020.06.08,00:00,1.12915,1.14222,1.12126,1.12554,660591
2020.06.15,00:00,1.12554,1.13534,1.11684,1.11776,623428
2020.06.22,00:00,1.11776,1.13487,1.11684,1.12184,521420
2020.06.29,00:00,1.12184,1.13026,1.11848,1.12479,424598
2020.07.06,00:00,1.12479,1.13708,1.1243,1.13002,450744
2020.07.13,00:00,1.13002,1.1452,1.13002,1.14282,468738
2020.07.20,00:00,1.14282,1.16581,1.14024,1.16558,577664
2020.07.27,00:00,1.16558,1.19088,1.16421,1.1779,655232
2020.08.03,00:00,1.1779,1.19168,1.16959,1.1786,593533
2020.08.10,00:00,1.1786,1.18642,1.17112,1.18426,538322
2020.08.17,00:00,1.18426,1.19657,1.17541,1.17962,569760
2020.08.24,00:00,1.17962,1.19198,1.17625,1.19046,597460
2020.08.31,00:00,1.19046,1.20114,1.1781,1.18383,658036
2020.09.07,00:00,1.18383,1.19174,1.17526,1.18468,555379
2020.09.14,00:00,1.18468,1.19006,1.17372,1.184,507728
2020.09.21,00:00,1.184,1.1872,1.16124,1.16315,592963
2020.09.28,00:00,1.16315,1.17698,1.16154,1.17167,546733
2020.10.05,00:00,1.17167,1.18312,1.17058,1.18283,428307
2020.10.12,00:00,1.18283,1.18283,1.16886,1.17171,387160
2020.10.19,00:00,1.17171,1.18808,1.17033,1.18611,403005
2020.10.26,00:00,1.18611,1.18611,1.164,1.16476,453138
2020.11.02,00:00,1.16476,1.1891,1.16027,1.18737,618756
2020.11.09,00:00,1.18737,1.19202,1.17456,1.18348,562246
2020.11.16,00:00,1.18348,1.18938,1.18142,1.18564,396757
2020.11.23,00:00,1.18564,1.19643,1.18001,1.19634,368259
2020.11.30,00:00,1.19634,1.21775,1.19232,1.21216,488601
2020.12.07,00:00,1.21216,1.21664,1.20588,1.21122,483694
2020.12.14,00:00,1.21122,1.22728,1.21122,1.22563,408944
2020.12.21,00:00,1.22563,1.22571,1.21294,1.21849,359230
2020.12.28,00:00,1.21849,1.23102,1.21812,1.22156,306009
2021.01.04,00:00,1.22156,1.23496,1.21931,1.22209,606972
2021.01.11,00:00,1.22209,1.22275,1.2075,1.20804,493440
2021.01.18,00:00,1.20804,1.21896,1.20536,1.21718,414726
2021.01.25,00:00,1.21718,1.21834,1.20585,1.21376,601527
2021.02.01,00:00,1.21376,1.21376,1.19524,1.20466,473925
2021.02.08,00:00,1.20466,1.21496,1.20198,1.21204,385402
2021.02.15,00:00,1.21204,1.21696,1.20233,1.21184,390111
2021.02.22,00:00,1.21184,1.22431,1.20622,1.20734,693276
2021.03.01,00:00,1.20734,1.21134,1.18934,1.1913,640030
2021.03.08,00:00,1.1913,1.199,1.18356,1.19525,594920
2021.03.15,00:00,1.19525,1.1989,1.18739,1.19042,465090
2021.03.22,00:00,1.19042,1.1947,1.17618,1.17941,399898
2021.03.29,00:00,1.17941,1.17944,1.17042,1.17602,320778
2021.04.05,00:00,1.17602,1.19275,1.17376,1.18998,310290
2021.04.12,00:00,1.18998,1.1995,1.18712,1.19822,341509
2021.04.19,00:00,1.19822,1.21002,1.19426,1.20968,379309
2021.04.26,00:00,1.20968,1.215,1.20168,1.202,374634
2021.05.03,00:00,1.202,1.21716,1.1986,1.21632,366841
2021.05.10,00:00,1.21632,1.21818,1.20514,1.21457,519888
2021.05.17,00:00,1.21457,1.22454,1.21262,1.21817,459888
2021.05.24,00:00,1.21817,1.22664,1.21326,1.21921,462277
2021.05.31,00:00,1.21921,1.22545,1.2104,1.21668,404609
2021.06.07,00:00,1.21668,1.22181,1.20926,1.2109,373998
2021.06.14,00:00,1.2109,1.21474,1.18474,1.18642,525942
2021.06.21,00:00,1.18642,1.19754,1.18477,1.19361,481003
2021.06.28,00:00,1.19361,1.19447,1.18075,1.18654,447399
2021.07.05,00:00,1.18654,1.18954,1.17815,1.1877,466648
2021.07.12,00:00,1.1877,1.18802,1.17719,1.18052,406008
2021.07.19,00:00,1.18052,1.18306,1.17518,1.17717,437167
2021.07.26,00:00,1.17717,1.19088,1.17635,1.18671,421527
2021.08.02,00:00,1.18671,1.18998,1.17544,1.17616,345868
2021.08.09,00:00,1.17616,1.18049,1.1706,1.17952,324557
2021.08.16,00:00,1.17952,1.18012,1.1664,1.1699,395175
2021.08.23,00:00,1.1699,1.18025,1.1693,1.17944,331637
2021.08.30,00:00,1.17944,1.19092,1.17828,1.18791,332382
2021.09.06,00:00,1.18791,1.18864,1.1802,1.18107,321346
2021.09.13,00:00,1.18107,1.18459,1.17243,1.17243,364400
2021.09.20,00:00,1.17243,1.17556,1.16834,1.17206,392240
2021.09.27,00:00,1.17206,1.17281,1.15626,1.1593,454983
2021.10.04,00:00,1.1593,1.16402,1.15291,1.15744,414901
2021.10.11,00:00,1.15744,1.16244,1.15244,1.1599,356835
2021.10.18,00:00,1.1599,1.16695,1.15718,1.16459,378846
2021.10.25,00:00,1.16459,1.16923,1.15352,1.15619,425972
2021.11.01,00:00,1.15619,1.16165,1.15133,1.1568,401199
2021.11.08,00:00,1.1568,1.16089,1.1433,1.14433,378572
2021.11.15,00:00,1.14433,1.1464,1.12498,1.12819,421005
2021.11.22,00:00,1.12819,1.13343,1.11861,1.13102,461995
2021.11.29,00:00,1.13102,1.1383,1.1235,1.13109,459870
2021.12.06,00:00,1.13109,1.13548,1.12274,1.13178,320742
2021.12.13,00:00,1.13178,1.13604,1.12218,1.1236,331877
2021.12.20,00:00,1.1236,1.13436,1.12347,1.13105,242766
2021.12.27,00:00,1.13105,1.13864,1.12738,1.1373,200838
2022.01.03,00:00,1.1373,1.13795,1.12724,1.13616,311437
2022.01.10,00:00,1.13616,1.14827,1.1285,1.14154,325890
2022.01.17,00:00,1.14154,1.14344,1.1301,1.13444,310024
2022.01.24,00:00,1.13444,1.13466,1.11214,1.11492,388692
2022.01.31,00:00,1.11492,1.14839,1.11382,1.14516,393512
2022.02.07,00:00,1.14516,1.1495,1.13298,1.13472,386230
2022.02.14,00:00,1.13472,1.1396,1.12801,1.13237,820462
2022.02.21,00:00,1.13237,1.13909,1.11064,1.12712,1026676
2022.02.28,00:00,1.12712,1.12712,1.08857,1.09376,1255828
2022.03.07,00:00,1.09376,1.11216,1.0806,1.09124,1491680
2022.03.14,00:00,1.09124,1.11376,1.09006,1.10512,1072407
2022.03.21,00:00,1.10512,1.10704,1.10102,1.1017,144753
2022.03.21,01:00,1.1017,1.10459,1.0961,1.09847,688465
2022.03.28,00:00,1.09847,1.11849,1.09446,1.10494,1101818
2022.04.04,00:00,1.10494,1.10545,1.08364,1.08762,815954
2022.04.11,00:00,1.08762,1.09334,1.07574,1.08149,817401
2022.04.18,00:00,1.08149,1.09364,1.07612,1.07974,794309
2022.04.25,00:00,1.07974,1.08158,1.04713,1.05453,1112929
2022.05.02,00:00,1.05453,1.0642,1.04828,1.05458,1117168
2022.05.09,00:00,1.05458,1.05926,1.03492,1.04072,1026567
2022.05.16,00:00,1.04072,1.06072,1.03892,1.05554,830423
2022.05.23,00:00,1.05554,1.07652,1.05554,1.07334,747546
2022.05.30,00:00,1.07334,1.0787,1.06273,1.07194,621737
2022.06.06,00:00,1.07194,1.07742,1.05059,1.05204,765961
2022.06.13,00:00,1.05204,1.06014,1.03593,1.04938,996208
2022.06.20,00:00,1.04938,1.06058,1.04688,1.05564,571997
2022.06.27,00:00,1.05564,1.06151,1.03655,1.04265,639792
2022.07.04,00:00,1.04265,1.04628,1.00716,1.01854,652085
2022.07.11,00:00,1.01854,1.01854,0.99522,1.00878,712929
2022.07.18,00:00,1.00878,1.02781,1.00787,1.02151,689190
2022.07.25,00:00,1.02151,1.02579,1.00968,1.02266,657890
2022.08.01,00:00,1.02266,1.0294,1.01228,1.01814,630460
2022.08.08,00:00,1.01814,1.03688,1.01592,1.0259,537270
2022.08.15,00:00,1.0259,1.02683,1.00321,1.00416,502720
2022.08.22,00:00,1.00416,1.00902,0.99006,0.99632,497914
2022.08.29,00:00,0.99632,1.00792,0.99108,0.99564,576232
2022.09.05,00:00,0.99564,1.01136,0.9864,1.00467,584243
2022.09.12,00:00,1.00467,1.01978,0.99452,1.0017,585866
2022.09.19,00:00,1.0017,1.00507,0.96682,0.96914,661560
2022.09.26,00:00,0.96914,0.98539,0.9536,0.98016,951590
2022.10.03,00:00,0.98016,0.99996,0.97262,0.97422,761810
2022.10.10,00:00,0.97422,0.98088,0.96315,0.97237,778537
2022.10.17,00:00,0.97237,0.98757,0.97049,0.98605,747943
2022.10.24,00:00,0.98605,1.00938,0.9807,0.9966,728628
2022.10.31,00:00,0.9966,0.9976,0.97302,0.99589,632386
2022.11.07,00:00,0.99589,1.03642,0.99048,1.03542,736338
2022.11.14,00:00,1.03542,1.04815,1.02716,1.03223,823318
2022.11.21,00:00,1.03223,1.04485,1.02227,1.03965,535282
2022.11.28,00:00,1.03965,1.05452,1.02904,1.05406,781826
2022.12.05,00:00,1.05406,1.0595,1.04434,1.05336,651292
2022.12.12,00:00,1.05336,1.07362,1.0506,1.05848,725524
2022.12.19,00:00,1.05848,1.06595,1.05734,1.06162,623759
2022.12.26,00:00,1.06162,1.07133,1.06067,1.07039,398179
2023.01.02,00:00,1.07039,1.0709,1.04833,1.06444,625250
2023.01.09,00:00,1.06444,1.0868,1.06394,1.08324,667052
2023.01.16,00:00,1.08324,1.08876,1.07662,1.08555,633952
2023.01.23,00:00,1.08555,1.09296,1.08352,1.08679,540016
2023.01.30,00:00,1.08679,1.1033,1.07928,1.0794,647415
2023.02.06,00:00,1.0794,1.07991,1.06662,1.06774,594584
2023.02.13,00:00,1.06774,1.08047,1.06128,1.06937,624598
2023.02.20,00:00,1.06937,1.07048,1.05362,1.05457,554104
2023.02.27,00:00,1.05457,1.06915,1.05328,1.06342,579095
2023.03.06,00:00,1.06342,1.0701,1.05244,1.06386,623220
2023.03.13,00:00,1.06386,1.076,1.05161,1.06656,937684
2023.03.20,00:00,1.06656,1.09298,1.06313,1.07598,633827
2023.03.27,00:00,1.07598,1.09264,1.0745,1.08422,456588
2023.04.03,00:00,1.08422,1.09734,1.07882,1.09012,379137
2023.04.10,00:00,1.09012,1.1076,1.08314,1.09944,394455
2023.04.17,00:00,1.09944,1.09999,1.09092,1.09893,406215
2023.04.24,00:00,1.09893,1.10956,1.09626,1.1017,471389
2023.05.01,00:00,1.1017,1.1092,1.09422,1.10188,473509
2023.05.08,00:00,1.10188,1.10538,1.0848,1.08498,415094
2023.05.15,00:00,1.08498,1.09048,1.076,1.08062,399221
2023.05.22,00:00,1.08062,1.08313,1.07018,1.07252,439088
2023.05.29,00:00,1.07252,1.0779,1.06352,1.07078,393583
2023.06.05,00:00,1.07078,1.07872,1.0667,1.07496,367052
2023.06.12,00:00,1.07496,1.09708,1.07331,1.09416,413400
2023.06.19,00:00,1.09416,1.1012,1.08444,1.0896,396339
2023.06.26,00:00,1.0896,1.09766,1.08354,1.0911,419450
2023.07.03,00:00,1.0911,1.09733,1.08336,1.09688,378770
2023.07.10,00:00,1.09688,1.12451,1.09436,1.12274,413406
2023.07.17,00:00,1.12274,1.12757,1.11078,1.11256,467503
2023.07.24,00:00,1.11256,1.11498,1.09436,1.10171,547980
2023.07.31,00:00,1.10171,1.10459,1.09122,1.10096,527534
2023.08.07,00:00,1.10096,1.10652,1.0929,1.09468,468406
2023.08.14,00:00,1.09468,1.09604,1.0845,1.08727,490416
2023.08.21,00:00,1.08727,1.09304,1.07658,1.07944,399419
2023.08.28,00:00,1.07944,1.09456,1.07721,1.07752,395339
2023.09.04,00:00,1.07752,1.0809,1.06861,1.06992,320291
2023.09.11,00:00,1.06992,1.07694,1.06319,1.06592,381656
2023.09.18,00:00,1.06592,1.07369,1.0615,1.06448,359350
2023.09.25,00:00,1.06448,1.06557,1.0488,1.05744,406219
2023.10.02,00:00,1.05744,1.06002,1.04485,1.05872,466803
2023.10.09,00:00,1.05872,1.06399,1.04954,1.0509,477707
2023.10.16,00:00,1.0509,1.06168,1.0509,1.05948,446566
2023.10.23,00:00,1.05948,1.06946,1.05218,1.05652,419623
2023.10.30,00:00,1.05652,1.07469,1.05166,1.07286,449620
2023.11.06,00:00,1.07286,1.07564,1.06562,1.06847,392088
2023.11.13,00:00,1.06847,1.09143,1.06651,1.09127,406566
2023.11.20,00:00,1.09127,1.09652,1.08524,1.09399,361933
2023.11.27,00:00,1.09399,1.10173,1.08289,1.08833,467590
2023.12.04,00:00,1.08833,1.0895,1.07237,1.0761,515719
2023.12.11,00:00,1.0761,1.10094,1.07416,1.08948,529410
2023.12.18,00:00,1.08948,1.10404,1.08921,1.10146,451924
2023.12.25,00:00,1.10146,1.11396,1.10079,1.10374,271013
2024.01.01,00:00,1.10374,1.10453,1.0877,1.09423,395032
2024.01.08,00:00,1.09423,1.09996,1.09102,1.09508,460228
2024.01.15,00:00,1.09508,1.09676,1.08446,1.08976,457353
2024.01.22,00:00,1.08976,1.09324,1.08129,1.08546,435838
2024.01.29,00:00,1.08546,1.08976,1.078,1.0787,489682